MediaCanalR,MediaCanalG,MediaCanalB,MedianaR,MedianaG,MedianaB,ModaR,ModaG,ModaB,DesviacionEstandarR,DesviacionEstandarG,DesviacionEstandarB,MedioEscalaDeGrises,DesviacionEstandarEscalaDeGris,MedianaEscalaDeGris,ModaEscalaDeGris,MediaH,MediaS,MediaV,DesviacionEstandarH,DesviacionEstandarS,DesviacionEstandarV,MedianaH,MedianaS,MedianaV,ModaH,ModaS,ModaV,EntropiaEscalaDeGrises,EntropiaR,EntropiaG,EntropiaB,Class
2.75,85.42,219.86,1,82,228,0,79,255,4.04,26.8,37.34,115.63,18.84,116,114,216.84,98.8,87.53,11.94,1.75,11.01,218.91,99.59,89.8,220,100,100,6.23,2.92,6.31,6.36,I
51.28,93.78,85.57,48,94,86,0,94,104,31.33,42.2,39.61,85.51,38.05,86,87,172.26,49.09,37.14,18.7,18.22,16.52,170.59,45.68,37.25,170,100,37.25,7.26,6.85,7.36,7.31,N
14.99,115.55,205.42,11,120,90,0,92,255,15.67,52.9,41.94,130.72,40.94,9,163,209.78,93.11,81.72,15.55,7.1,14.19,209.55,94.86,85.88,215.43,100,100,7.31,5.16,7.68,6.92,I
44.19,100.28,173.77,41,92,178,37,65,255,22.88,47.46,64.12,115.65,45.31,111,92,215.72,73.08,69.51,14.13,13.69,24.14,218.65,74.62,71.37,220,100,100,7.45,6.47,7.44,7.36,I
144.68,156.18,157.53,160,168,163,191,183,177,44.11,33.08,28.53,155.66,26.9,166,178,143.63,17.42,66.23,86.74,18.26,9.82,180,10.49,68.24,180,0,74.9,6.33,6.81,6.49,6.25,H
4.98,92.5,221.76,3,93,114,0,49,255,5.58,34.7,42.15,120.73,26.53,0,139,215.76,97.86,88.34,12.94,2.36,13.11,218.11,98.41,94.9,222.19,100,100,6.57,3.78,6.87,6.07,I
104.63,94.83,64.52,105,90,65,105,78,72,19.51,25.23,32.89,86.04,21.11,84,73,56.73,41.86,42.99,51,26.3,8.53,39.64,37.39,41.96,40,50,41.18,6.38,6.1,6.27,7.02,N
56.13,55.26,57.91,58,51,57,61,48,51,16.11,29.52,19.76,53.59,13.24,52,51,293.59,20.24,26.06,59.73,16.65,12.08,307.5,14.93,23.92,288,12.5,23.92,5.62,5.82,5.68,5.93,H
205.25,176.77,159.99,213,184,164,237,187,175,34.66,38.46,38.05,174.99,37.7,182,185,23.7,22.9,80.49,23.81,7.62,13.59,22.76,22.49,83.53,20,25,92.94,7.12,6.84,7.13,7.18,H
87.64,98.22,95.44,92,98,99,100,102,103,26.8,29.93,20.28,95.31,20.52,98,102,165.02,14.11,40.09,63.27,16.52,10.61,180,7.61,39.61,180,0,40.39,6.32,6.63,6.49,6.09,H
25.99,49.88,23.02,22,42,18,5,20,0,19.32,37.21,20.66,37.15,24.74,32,14,108.38,61.02,19.56,13.73,21.78,14.59,108,57.14,16.47,120,100,7.84,6.47,6.07,6.77,5.9,N
71.62,110.95,90.46,69,107,88,61,74,43,27.24,44.18,41.76,98.44,37.79,95,56,135.29,35.88,43.67,38.15,16.15,17.27,154.55,34,41.96,60,33.33,29.02,7.15,6.63,7.32,7.3,N
41.34,181.92,250.78,42,56,126,41,196,255,7.56,19.94,20.5,187.18,12,60,194,199.52,83.64,99.01,8.3,2.9,2.36,199.81,83.4,99.61,207.37,83.53,100,5.56,4.81,6.23,2.77,I
46.03,62.88,77.79,41,53,73,32,42,49,21.1,33.53,32.09,64.57,28.29,56,42,206.97,39.76,31.39,27.15,17.07,13.52,207.69,37.04,29.41,210,33.33,19.22,6.51,6.12,6.63,6.83,H
15.59,98.75,189.49,12,97,77,0,116,255,15.45,44.46,55.58,115.77,36.61,119.5,130,212.92,90.25,76.34,16.99,12.69,19.47,214.63,94.035,81.57,209.44,100,100,7.19,5.33,7.32,7.28,I
97.51,121.21,94.22,109,123,96,130,125,96,37.19,27.97,26.76,109.31,23.13,113,116,105.2,33.19,48.29,47.48,14.81,11.31,97.78,28.12,49.41,56.25,25,50.98,6.42,6.89,6.53,6.5,N
93.4,109.04,143.43,99,114,155,100,117,167,19.5,30.15,41.05,116.61,24.94,125,132,230.31,36.12,58.81,32.06,12.18,14.43,228,36.23,61.57,228,33.33,65.49,6.41,5.82,6.31,7.06,H
60.41,82.93,88.07,61,81,90,66,84,91,13.85,22.28,14.67,80.18,10.79,80,80,197.87,32.98,36.16,15.43,12.96,8.15,200,31.33,35.29,200,33.33,35.69,5.46,5.7,5.67,5.52,N
89.5,105.28,103.32,93,104,104,102,104,106,23.48,26.4,23.79,102.26,21.05,103,111,188.31,18.38,42.62,76.81,14.23,10,182.79,17.21,41.96,180,0,40,6.44,6.51,6.55,6.53,N
7.22,171.34,238.23,1,185,252,0,255,255,14.89,58.9,38.32,173.32,41.24,183,201,197.77,97.11,94.97,16.07,5.88,10.19,195.95,99.38,98.82,180,100,100,7.2,3.72,7.65,4.42,I
17.84,46.97,39.63,15,38,36,0,44,43,15.65,39.09,23.65,38.65,23.09,35,28,177.58,63.21,18.84,16.8,21.3,15.29,177.6,60,15.29,180,100,17.25,6.39,5.52,6.6,6.43,N
63.76,215.51,152.99,63,90,29,69,212,151,28.87,21.11,32.6,181.2,22.96,56,194,155.69,71.14,84.51,6.25,11.45,8.28,156.39,71.09,85.49,154.34,67.45,83.14,6.51,6.81,6.33,6.76,N
12.65,73.01,181.13,10,70,71,0,26,238,10.19,41.21,62.02,96.84,38.64,100,135,219.18,92.9,72.28,14.33,5.34,23.03,221.61,93.71,79.22,225,100,92.16,7.06,5.08,6.97,7.46,I
29.18,43.85,33.35,27,36,31,26,30,29,10.61,29.05,9.25,36.89,11.3,33,29,150.15,27.55,17.21,22.19,13.69,11.39,156,26.67,14.12,172.5,29.63,11.76,5.21,5.26,5.55,4.94,N
88.3,96.53,106.68,86,94,108,73,93,117,18.69,20.16,16.39,98.1,14.75,98,101,217.31,18.56,42.71,35.78,11.17,7.08,218.82,18.39,42.35,210,20,45.88,5.8,5.96,5.89,5.84,H
187.11,178.62,138.24,197,186,142,214,203,167,36.18,29.71,35.88,167.69,29.71,174,194,47,27.99,74.95,11.82,11.86,11.71,45,26.63,77.65,45,33.33,83.92,6.72,6.72,6.67,6.95,H
36.54,81.07,138.03,39,82,8,43,86,135,10.99,18.13,24.08,92.35,10.41,94,95,213.43,73.11,54.92,9.53,8.21,8.95,213.49,70.5,53.33,212.55,66.67,52.94,5.22,5.1,5.31,5.85,H
48.36,61.16,52.42,49,57,53,43,52,46,15.02,30.82,16.57,55.02,15.74,56,53,148.3,17.08,24.02,30.1,19.48,12.06,156,11.54,22.35,156,17.31,20.39,5.75,5.54,5.89,5.72,N
51.56,107.58,71.93,50,103,69,45,101,65,19.33,28.34,23.7,88.81,20.05,86,83,140.65,51.5,42.19,13.67,12.18,11.11,142.64,51.06,40.39,145.38,50,39.61,6.11,5.86,6.34,6.29,N
4.87,57.73,151.74,2,56,26,0,0,183,6.55,39.56,50.1,77.59,32.05,77,66,220.18,97.12,61.31,16.58,3.86,18.6,220.135,98.68,61.96,240,100,71.76,6.92,3.51,6.72,7.47,I
9.52,38.14,45.17,7,37,43,0,40,45,9.93,20.76,21.55,34.22,12.57,34,38,192.19,81.4,18.41,12.99,16.41,10.01,191.67,82.76,17.25,180,100,17.65,5.68,4.54,5.84,5.96,N
26.2,103.63,72.27,20,102,70,0,89,0,25.05,46.92,40.14,84.03,40.01,82,79,154.74,77.32,40.74,14.92,16.85,18.4,156.27,78.12,40,150,100,34.9,7.32,5.98,7.53,7.28,N
95.66,103.98,100.77,90,94,93,79,79,86,36.1,41.86,41.39,101.68,38.16,93,84,126.44,9.94,42.25,96.83,15.22,16.9,180,4.76,38.04,0,0,35.29,7.13,7.07,7.17,7.26,H
42.63,51.59,45.82,44,50,47,53,68,60,13.39,25.18,15.21,46.67,14.75,47,59,135.67,15.13,20.29,50.83,17.13,9.84,148,11.48,20,140,0,26.67,5.71,5.47,5.86,5.68,N
17.63,63.25,48.58,11,48,34,0,17,9,19.82,50.19,43.2,52.59,42.05,39,15,150.89,71.52,24.81,24.29,21.71,19.68,159.57,71.43,18.82,108,100,6.67,7,5.42,7.22,6.96,N
29.76,93.76,71.13,27,92,70,0,66,50,21.98,40.32,34.18,78.18,33.06,78,103,160.35,71.08,36.78,9.19,15.79,15.83,161.93,68.445,36.08,163.64,100,25.88,7.02,6.14,7.18,7.07,N
46.16,122.23,182.32,42,115,205,86,115,255,27.93,58.46,69.63,131.98,53.32,133,131,206.33,72.62,73.73,23.77,18.38,25.24,210.17,76.15,82.35,208.93,100,100,7.66,6.63,7.73,7.13,I
214.45,205.33,184.04,225,213,192,230,222,207,33.81,29.9,38.63,200.5,30.5,208,216,38.36,16.01,85.37,17.13,11.39,10.02,36.52,13.54,88.24,30,27.78,90.2,6.77,6.49,6.71,7.04,H
71.98,134.4,144.26,74,135,147,78,136,149,17.75,20.99,22.91,130.04,17,132,134,189.71,51.49,57.89,8.89,8.2,8.04,190.29,50,58.04,190.29,50,58.43,6.08,6.09,6.16,6.21,N
10.02,139.88,240.08,4,22,124,0,172,255,14.88,53.51,30.76,155.16,37.55,35,173,206.15,96.01,95,13.91,5.88,8.52,204.34,98.43,98.82,211.62,100,100,7.04,4.38,7.52,4.51,I
78.75,90.08,83.53,81,89,82,83,99,114,12.84,26.64,34.02,85.27,21.3,85,102,119.86,27.99,38.4,82.15,16.71,11.17,85,26.89,35.69,210,0,44.71,6.06,5.18,6.01,6.66,H
21.22,99.83,196.5,21,93,77,21,67,255,9.72,31.71,38.32,119.48,26.57,118,120,213.46,88.97,77.84,9.96,5.16,13.57,215.82,89.67,80.78,216.88,100,100,6.61,5.14,6.64,6.87,I
62.94,76.63,155.19,64,74,29,64,74,157,6.58,18.37,16.09,97.91,1.91,98,98,231.46,59.89,61.9,12.96,4.17,3.94,233.05,59.48,61.57,232.9,59.24,61.57,2.96,2.79,2.89,3.88,H
29.78,105.14,215.29,17,90,95,4,68,255,30.47,41.15,40.89,129.02,33.93,121,95,214.98,87.7,85.8,12.48,11.83,12.78,218.15,92.5,88.63,218.15,100,100,6.81,6.2,6.79,6.2,I
18.39,46.49,37.14,16,36,29,16,32,25,13.04,34.13,23.28,38.11,20.82,31,28,164.57,57.84,18.42,16.19,17.2,13.51,164,53.57,14.12,153.75,50,12.55,5.68,5.23,5.9,5.83,N
7.82,21.91,27.08,7,18,27,0,17,26,6.21,27.94,8.56,19.57,7.56,19,18,207.6,75.22,12.27,15.89,15.44,10.45,210,74.07,10.59,210,100,10.2,4.93,4.38,5.15,5.09,N
134.06,137.16,134.94,133,133,131,119,119,125,17.11,18.98,19.37,136.33,16.43,133,127,87.63,3.46,54.3,94.75,8.53,7.47,34.29,2.1,52.55,0,0,46.67,5.67,5.65,5.76,5.71,H
30.92,84.82,66.39,21,68,50,0,170,146,28.21,55.61,47.87,71.7,48.15,56,27,159.57,65.94,33.26,9.79,15.31,21.81,162,64.29,26.67,160,100,66.67,7.24,6.29,7.41,7.19,N
43.81,74.71,60.65,43,73,61,34,89,86,20.11,32.42,25.04,64.82,22.76,65,63,156.55,40.8,29.33,13.99,14.83,12.74,159.13,38.16,28.63,150,33.33,34.9,6.53,6.31,6.64,6.64,N
10.96,29.48,74.19,11,25,74,11,24,80,6.42,28.06,23.9,38.59,8.31,39,39,223.81,83.34,30.76,16.59,10.89,11.67,227.03,83.33,29.8,225,100,31.37,5.05,4.61,4.76,6.39,H
22.8,131.79,220.03,17,23,116,0,168,255,19.95,55.12,45.97,144.46,44.13,35,174,207.26,90.48,87.96,15.56,7.94,14.11,205,92.41,95.69,222.95,100,100,6.94,5.89,7.31,6.04,I
51.93,44.59,43.55,51,40,41,48,32,33,8.22,24.73,12.51,43.7,10.05,41,34,282.76,24.77,22.07,121.08,12.21,8.82,349.09,23.81,20.39,356.25,33.33,18.82,5.02,4.66,5.07,5.27,H
23.13,50.67,35.08,24,48,36,27,49,35,9.7,25.26,11.79,41.02,10.48,42,43,150.48,53.27,19.87,11.85,14.21,9.9,150.97,50,18.82,150,50,19.22,5.4,5.28,5.61,5.53,N
69.32,154.07,243.99,71,26,123,45,124,255,24.88,32.39,28.42,172.5,22.71,46,172,210.06,72.15,96.9,12.16,9.65,4.47,212.25,71.37,98.43,214.92,80.77,100,6.54,6.61,7.02,4.25,I
45.79,86.74,90.75,47,84,92,40,79,88,17.98,30.65,27.62,81.93,22.45,82,77,190.44,51.17,37.53,13.34,15.46,12.35,191.58,50.47,36.86,191.25,50,34.51,6.52,6.15,6.63,6.76,N
54.68,156.56,217.15,32,142,225,0,255,255,63.38,58.32,37.35,164.38,48.37,156,255,200.2,77.13,86.63,19.63,24.6,11.51,207.5,85.53,89.02,180,100,100,7.3,6.89,7.29,6.37,I
50.17,47.18,48.65,51,43,48,48,40,42,9.43,29.29,16.5,45.85,11.81,46,44,293.71,25.84,23.19,65.95,14.33,10.72,307.5,21.21,21.18,350.77,20,18.82,5.53,4.92,5.62,5.97,H
69.41,97.17,122.41,70,95,119,79,98,116,25.66,33.53,26.84,100.82,23.7,98,102,209.47,44.78,49.85,15.97,16.21,10.62,210,41.425,47.06,210,50,45.49,6.41,6.58,6.73,6.45,H
44.16,69.15,55.87,38,64,51,29,35,31,26.95,36.91,31.1,58.72,25.52,56,32,152.15,35.75,27.34,18.02,15.87,14.65,150,33.85,25.1,150,33.33,13.73,6.53,6.35,6.68,6.61,N
90.53,95.78,81.68,93,92,82,105,95,65,19.71,25.86,33.49,90.19,22.89,88,83,111.58,30.33,40.85,76.43,19.54,9.41,93,25,39.61,180,38.1,41.18,6.53,6.23,6.45,7.06,N
28.61,34.25,26.39,28,29,26,25,29,29,10.52,32.55,13.87,28.03,12.39,28,30,92.09,27.62,14.62,83.62,21.01,12.31,90,21.05,12.16,0,33.33,10.98,5.63,5.33,5.92,5.72,N
19.48,54.85,121.56,19,50,121,21,44,126,10.85,22.31,34.25,70.03,14.76,69,74,218.18,82.49,48.57,11.8,10.23,13.34,219.71,81.6,47.84,215.24,100,49.41,5.85,5.38,5.72,7,I
39.52,57.18,72,37,54,72,29,64,62,15.29,22.21,14.29,58.96,13.85,57,67,210.59,47.3,29.12,10.71,13.45,7.98,211.11,48.24,28.63,210.97,50,24.31,5.72,5.81,5.79,5.73,H
12.46,53.07,48.99,9,45,42,0,30,22,13.39,37.71,32.85,45.91,30.08,40,21,177.36,76.48,21.2,18.14,21.61,14.86,176.73,79.66,18.04,180,100,12.16,6.77,4.85,6.96,6.88,N
11.63,48.85,42.42,9,42,39,0,62,52,12.26,38.19,27.01,40.25,25.47,37,30,178.04,76.29,19.58,24.79,21.69,14.85,176.25,78.26,16.86,180,100,24.31,6.56,4.77,6.8,6.64,N
39.57,142.24,241.12,39,11,124,40,137,255,12.3,22.14,34.85,160.39,11.38,33,156,209.07,83.78,96.4,13.39,5.39,5.38,212.23,84.17,98.82,203.4,80.65,100,5.48,5.52,6.05,4.45,I
3.33,79.58,215.12,2,74,105,0,60,255,3.61,30.15,47.51,110.11,23.17,113,124,217.9,98.45,85.91,13.53,1.71,15.46,221.22,98.82,92.55,220.55,100,100,6.43,3.33,6.38,6.31,I
43.55,50.69,44.63,43,46,44,40,42,47,12.59,28.89,14.87,45.52,12.85,45,47,137.89,12.2,20.33,104.48,15.17,11.28,168,10,18.43,168,0,16.08,5.58,5.48,5.8,5.68,N
4.27,69.92,217.02,3,66,97,0,65,255,4.66,31.49,39.69,105.5,20.47,106,98,221.14,98.1,86.67,13.96,2.06,11.49,223.35,98.64,89.02,220.08,100,100,6.34,3.59,6.5,6.51,I
20.99,48.84,43.79,17,37,35,0,27,28,16.38,35.33,26.49,42.07,24.35,34,25,175.65,57.1,19.65,13.5,18.35,14.1,175.71,53.19,14.9,171.43,100,10.59,6.15,5.61,6.3,6.27,N
48.71,74.96,72.19,44,74,72,39,39,27,16.82,31.42,33.86,70.16,29.11,68,35,147.15,36.4,30.02,53.55,15.38,12.65,180,37.14,29.41,180,25.64,15.29,6.43,5.86,6.53,6.75,N
4.44,74.54,182.52,2,72,60,0,22,104,5.72,33.98,44.4,99.14,23.53,99,96,216.54,97.65,73.44,14.85,2.91,14.71,218.315,98.82,74.51,229.2,100,40.78,6.57,3.45,6.61,7.12,I
87.64,98.22,95.44,92,98,99,100,102,103,26.8,29.93,20.28,95.31,20.52,98,102,165.02,14.11,40.09,63.27,16.52,10.61,180,7.61,39.61,180,0,40.39,6.32,6.63,6.49,6.09,H
111.03,117.53,114.28,113,117,115,113,118,116,19.93,18.5,14.41,115.51,13.5,116,117,139.16,8.2,46.85,63.31,10.68,6.79,168,4.84,46.27,168,0,46.27,5.77,6.18,5.9,5.52,H
7.26,101.92,199.09,3,109,245,0,132,255,9.24,43.11,73.03,119.98,43.79,137,155,211.31,92.39,78.94,11.3,13.48,27.71,212.94,98.81,96.47,210,100,100,6.98,4.07,7.15,6.05,I
116.46,91.85,64.97,115,90,65,111,85,63,12.77,15.15,8.13,86.21,7.14,86,83,29.95,44.64,46.42,9.29,6.44,5.38,28.93,43.8,45.49,27.39,41.82,43.53,4.79,5.05,4.96,4.64,H
96.8,98.19,100.23,99,100,103,106,109,87,17.71,23.19,23.94,98.31,20.44,101,112,230.06,8.01,40.71,105.83,8.33,9.29,224,7.44,40.78,350,0,46.67,6.26,6.03,6.3,6.44,H
52.28,134.39,245.51,49,1,124,25,100,255,27.91,35.46,28.69,158.9,24.09,28,137,213.44,79.11,97.5,12.4,11.03,4.27,216.78,80.39,98.82,220.53,89.27,100,6.57,6.72,7.02,4.02,I
42.58,114.66,91.47,42,117,94,0,139,105,28.1,44.18,42.44,98.95,38.4,103,114,162.18,65.88,44.97,12.03,17.03,17.32,165.41,61.67,45.88,169.09,100,54.51,7.23,6.55,7.35,7.35,N
46.53,52.21,52.98,45,49,52,46,46,50,15.11,23.71,15.92,50.16,13.83,49,47,193,14.91,21.9,68.04,11.49,9.24,217.5,13.79,20.78,217.5,0,19.61,5.73,5.75,5.85,5.84,N
25.23,125.02,215.25,21,106,88,19,82,255,14.46,45.39,36.09,140.36,33.4,0,111,208.66,88.79,85.95,14.27,5.42,9.8,214.2,89.57,85.1,218.15,100,100,6.74,5.57,7.03,6.31,I
115.85,127.06,132.27,116,2,11,85,175,185,46.15,50.43,53.39,127.52,49.49,4,182,190.4,15.85,53.35,58.72,10.7,20.29,210,14.39,55.29,210,16.67,72.55,7.51,7.46,7.55,7.58,H
35.33,92.86,71.51,26,77,57,0,185,160,30.3,55.82,50.11,78.49,48.89,65,36,156.78,64.72,36.42,11.17,15.07,21.89,159.07,63.27,30.2,150,100,72.55,7.32,6.48,7.48,7.33,N
3.49,51.79,185.69,2,45,68,0,21,255,3.9,33.04,54.47,85.52,32.37,84,45,224.96,98.2,73.42,10.26,1.88,20.65,227.48,98.6,77.65,229.25,100,100,6.6,3.37,6.36,7.03,I
20.44,149.57,86.08,16,22,84,0,228,169,20.42,43.34,40.52,114.73,37.18,115,125,149.91,87.82,58.65,8.74,10.76,16.99,150.41,88.83,58.82,156.56,100,89.41,7.24,5.37,7.4,7.29,N
64.72,91.83,211.48,65,85,91,62,76,255,11.78,29.35,42.96,123.26,20.24,121,114,228.79,69.77,84.91,17.6,5.21,12.23,232.2,69.47,86.67,234.19,66.67,100,6.28,5.02,6.24,6.59,I
44.64,95.16,76.81,36,89,72.5,0,67,0,42.81,55.63,48.95,82.96,49.32,78,0,155.7,61.34,37.95,34.42,24.89,22.33,162.86,58.77,35.29,120,100,26.27,7.5,6.65,7.7,7.45,N
46.58,102.27,70.8,47,94,65,48,94,65,11.82,26.31,23.44,85.18,17.48,80,80,144.4,52.78,40.11,14.56,11.62,10.32,144,50,36.86,140.45,50,36.86,5.77,5.3,5.91,6.18,N
136.09,157.47,168.24,16,33,43,146,176,170,40.76,28.47,25.88,158.07,24.97,35,189,177.98,23.28,68.16,64.45,17.44,7.86,207.27,20.11,68.24,210,0,65.88,6.5,7.1,6.64,6.19,H
54.64,124.1,220.35,55,123,235,60,112,255,19.67,36.69,41.72,144.71,31.91,148,162,215.04,75.7,87.57,12.7,7.59,13.56,217.81,75.69,92.55,217.87,70.15,100,7,6.3,7.17,6.16,I
108.25,119.83,140.74,110,116,138,111,115,206,17.71,26.29,41.71,124.16,22.72,122,122,232.16,25.1,58.04,59.14,14.92,14.65,227.59,21.17,54.9,226.67,40.1,80.78,6.33,5.36,6.2,7,H
45.38,87.48,88.98,43,84,89,41,81,86,18.44,26.33,21.5,82.49,19.14,81,84,185.56,51.22,36.33,9.57,11.79,10.17,187.14,51.06,35.29,190,50,37.25,6.2,6.08,6.32,6.29,N
44.39,58.74,25.86,43,51,23,42,43,18,10.32,29.55,13.14,45.02,14.24,41,33,78.67,55.74,23.25,18.86,12.72,11.44,76,54.1,20,60,50,16.47,5.66,5.09,6,5.61,N
66.42,129.38,177.68,67,138,184,79,156,204,18.52,27.32,24.79,136.68,25.32,145,162,206.16,63.25,69.68,3.73,6.09,9.72,205.31,64.67,72.16,202.81,66.67,80,6.39,6.05,6.5,6.24,H
40.15,89.72,137.15,39,88,2,53,114,114,16.64,35.33,44.13,97.19,31.32,94,72,210.32,72.1,55.34,13.2,7.13,16.76,212.59,70.73,52.55,217.18,66.67,44.71,6.78,5.98,6.72,7.29,H
108.07,119.77,130.16,109,118,4,109,117,133,13.7,16.07,15.35,121,3.81,122,123,216.7,18.46,52.64,16.94,11.15,5.4,218.71,18.25,51.76,220.8,22.63,52.16,3.91,4.68,4.41,4.02,H
37.66,58.79,34.39,32,51,27,22,28,0,23.72,38.47,28.24,47.29,29.52,41,23,107.62,49.9,23.21,28.8,20.03,15.1,105.52,45.83,20,80,100,10.59,6.67,6.39,6.88,6.5,N
2.8,77.43,229.84,2,74,117,0,76,255,3.03,24.95,36.55,113.91,12.45,117,121,219.61,98.79,91.65,13.08,1.33,9.22,221.975,99.18,96.08,221.52,100,100,5.53,3.12,5.56,5.69,I
59.49,110.51,64.39,55,103,60,56,101,53,35.29,42.81,33.7,90.02,36.17,85,81,119.27,49.16,43.35,19.13,17.7,16.81,120,45.98,40.39,120,33.33,39.61,6.86,6.7,7.07,6.74,N
49.57,49.37,79.47,50,47,80,51,46,85,5.24,18.78,12.65,57.33,5.48,57,57,243.68,41.5,32.08,15.91,7.29,7.08,245.62,41.86,31.76,244,42.35,33.33,4.43,3.63,4.01,5.35,H
207.96,211.26,212.59,222,221,227,224,222,228,54.57,49.26,55.2,212.48,49.71,223,224,196.43,7.07,85.04,103.28,19.29,19.5,246.67,2.63,89.41,0,0,89.41,5.17,5.38,5.41,4.99,H
79.93,96,111.71,81,96,114,80,101,118,24.11,30.25,23.75,98.47,22.04,101,107,215.61,30.93,45.58,19.63,13.57,10.29,220.8,29.6,45.1,225,25,46.27,6.38,6.53,6.55,6.34,H
44.39,102.21,113.29,45,102,115,42,108,117,17.13,24.64,23.11,98.3,19.18,100,102,191.29,62.76,45.68,9.15,10.4,9.46,192,60.75,45.88,191.47,60,45.88,6.29,6.11,6.38,6.42,N
95.4,167.25,224.32,99,33,114,139,156,254,37.07,27.52,38.43,176.11,19.28,45,165,210.02,55.89,89.46,15.7,21.29,11.14,215.51,59.06,95.69,220,50,99.61,6.25,7.09,6.65,5.16,I
5.35,15.2,9.47,4,10,8,0,7,6,5.11,29.43,7.1,9.83,7.02,8,6,149.31,54.98,5.97,49.77,28.08,11.54,168,53.59,3.92,168,100,2.75,4.66,3.96,4.95,4.65,N
147.93,154.58,158.34,153,154,163,158,159,169,21.58,16.44,22.98,155.32,9.19,157,162,231.44,9.01,64.33,23.1,12.79,5.94,234.55,6.71,64.31,234.55,6.51,66.27,4.79,4.86,4.97,4.94,H
51.83,66.06,58.4,52,61,58,47,60,53,12.49,29,16,59.3,10.95,59,60,163.48,16.19,26.05,37.63,16.07,11.59,170,11.76,23.92,168,21.67,23.53,5.49,5.41,5.71,5.58,N
4.28,39.74,146.46,3,32,14,0,20,94,5.2,28.58,49.38,66.08,24.89,61.5,40,225.28,97.23,58.51,12.71,3.14,18.76,227.39,98.08,56.47,228,100,36.86,6.5,3.59,6.04,7.5,I
66.85,78.71,52.59,67,77,53,71,84,63,19.35,31.43,22.16,68.61,23.28,69,65,80.02,35.21,31.41,25.24,15.22,11.77,84.71,30.88,30.59,80,25,32.94,6.57,6.27,6.75,6.46,N
130.79,146.69,165.23,9,27,46,138,163,176,30,28.97,26.97,150.42,28.49,30,168,212.28,21.84,64.79,2.03,6.24,10.58,211.67,20.73,68.24,211.67,20.45,69.02,6.65,6.75,6.67,6.51,H
90.19,109.22,138.07,91,110,137,97,116,133,17.65,17.79,18.6,115.52,12.76,117,123,220.43,34.65,54.86,13.7,14.12,6.88,219.64,38.1,53.73,220,40,52.16,5.67,5.89,5.78,5.96,H
33.72,47.45,63.01,33,42,62,34,42,59,12.82,28.7,16.75,48.99,13.73,48,47,218.41,49.01,26.44,16.74,11.55,10.64,222.35,48.08,24.71,223.85,50,23.14,5.74,5.63,5.82,5.92,H
52.67,60.42,57.58,52,57,55,52,67,62,14.86,22.94,19.9,55.39,10.3,55,59,149.07,11.74,24.16,68.65,11.68,9.96,168,9.8,22.35,168,0,26.27,5.38,5.33,5.58,5.47,N
18.24,32.05,42.5,18,27,40,17,23,34,4.16,26.64,11.71,31.56,7.44,30,26,214.19,57.17,18.29,15.5,8.85,10.16,217.14,56.67,16.08,218.82,50,13.33,4.46,3.75,4.57,5.14,H
61.02,96.18,90.1,57,96,92,54,105,99,17.17,20.69,16.66,89.74,13.88,91,101,169.26,36.44,38.11,36.2,14.48,8.13,171.11,40,38.04,180,40,41.96,5.8,5.69,5.98,5.91,N
103.39,126.02,174.7,108,128,188,115,140,193,21.94,28.8,43.89,138.37,26.3,144,156,223.35,41.16,70.56,18.08,11.23,14.92,226.03,42.31,74.12,225,41.67,75.69,6.56,5.98,6.47,7.05,H
99.3,110.41,123.69,100,107,126,101,105,117,23.93,28.9,27.66,111.93,21.87,111,111,224.15,22.25,50.74,21.12,11.78,10.69,225.6,20.33,49.8,224.44,20,46.27,6.34,6.33,6.44,6.46,H
3.21,130.4,241.51,1,128,252,0,124,255,5.79,34.29,32.73,149.54,22.43,151,151,207.66,98.71,96.15,12.68,2.31,6.55,209.88,99.61,98.82,210,100,100,6.49,3.03,7.04,4.35,I
39.07,102.15,205.71,39,104,230,36,51,255,11.58,36.52,56.21,125.04,34.52,133,156,217.88,80.31,82.14,14.28,7.16,19.78,219.72,81.35,90.98,219.9,80,100,6.85,5.51,6.88,6.57,I
31.58,166.49,235.49,23,38,112,13,171,241,27.65,28.96,27.22,172.13,20.45,43,169,199.65,86.89,93.52,10.55,11.29,4.54,199.83,90.36,94.12,206.61,100,94.9,6.37,6.35,6.86,5.37,I
15.96,75.21,63.38,14,58,46,0,26,25,13.62,55.39,51.57,63.49,45.91,49,30,165.38,67.87,30,33.96,26.04,22.4,168,72.41,23.14,180,100,10.2,7.22,5.29,7.47,7.27,N
14.47,85.77,210.59,7,81,85,0,72,217,26.84,25.18,26.89,114.55,15.8,113,108,218.22,92.61,83.45,10.03,15.43,7.48,219.29,96.71,83.92,219.9,100,85.1,5.99,4.91,6.24,6.29,I
11.59,87.14,41.46,7,82,36,0,74,0,13.77,39.12,28.08,63.81,30.65,59,59,142.02,88.24,34.17,9.23,12.63,15.34,143.33,91.55,32.16,120,100,29.02,6.88,4.53,7.18,6.65,N
40.01,40.29,46.97,38,38,46,32,26,27,8.7,11.41,13.86,42.27,11.73,41,27,255.36,19.16,18.77,56.07,5.59,5,234.55,18.75,18.04,350,18.75,12.55,5.26,4.72,5.21,5.52,H
97.97,68.13,43.39,95,62,38,85,66,33,22.09,27.85,24.46,63.38,21.3,60,60,43.01,57.53,39.66,70.88,18.86,9.96,25.09,62.86,37.65,25.07,66.67,33.33,6.11,6.31,6.21,6.3,H
46.23,82.49,74.66,43,79,72,0,82,68,26.65,36.61,33.13,75.53,32.72,73,71,171.06,47.38,32.64,20.4,17.14,14.12,169.79,44.25,31.37,170,100,27.06,7.04,6.66,7.16,7.06,N
49.14,129.55,236.21,49,130,248,54,134,255,16.47,30.84,33.2,152.45,22.83,156,159,214.05,79.58,93.93,12.63,6.39,7.87,216,79.61,97.25,210,80,100,6.5,5.94,6.86,5.15,I
13.72,26.55,21.29,13,22,20,10,13,12,7.13,27.97,10.56,21.19,9.53,20,13,164.01,42.32,10.52,29.7,17.4,10.98,170.77,40,9.02,180,50,5.1,5.21,4.82,5.43,5.36,N
67.09,83.16,156.77,67,80,25,62,71,255,11.62,23.27,51.44,102.26,22.83,98,96,229.81,54.15,62.73,15.52,15.06,19.3,232.34,57.36,60.78,232.5,26.5,100,6.45,5.27,5.91,7.33,I
22.45,115.28,224.08,15,114,107,0,49,255,26.3,46.48,36.89,137.4,34.32,12,140,212.13,90.33,88.87,13.55,10.98,11.61,213.99,93.33,92.55,223.29,100,100,7.1,5.88,7.46,6.24,I
47.45,70.15,56.43,40,61,49,27,38,31,29.43,39.46,31.75,61.84,30.75,55,34,146.07,32.29,27.8,27.27,15.11,15.74,144,29.41,23.92,150,33.33,14.9,6.69,6.51,6.8,6.74,N
57.66,57.74,70.66,55,51,62,49,40,61,15.46,32.14,37.44,59.34,22.3,55,46,275.44,30.15,30.91,53.6,16.79,16.16,272.73,25,25.1,316.36,25,19.22,6.34,5.65,6.21,6.86,H
122.76,140.77,160.01,126,15,37,140,154,172,30.91,30.83,29.67,143.98,26.04,19,158,215.46,25.57,64.48,16.12,11.71,9.8,217.67,23.18,65.49,220,20,67.45,6.6,6.74,6.74,6.51,H
24.11,39.96,17.87,15,24,7,8,9,0,20.3,39.59,21.74,29.88,27.17,18,6,89.98,66.13,15.7,20.74,22.35,15.51,92.31,66.67,9.41,80,100,3.53,6.07,5.75,6.42,5.43,N
16.43,48.21,65.25,13,40,56,0,25,47,13.82,34.63,38.22,47.45,27.55,41,29,202.63,76.48,26.94,15.23,13.45,16.54,201.92,75.44,22.75,200,100,18.43,6.53,5.42,6.62,6.94,N
147.71,147.69,145.91,20,19,18,147,145,143,5.26,5.24,4.93,147.07,5.01,19,144,66.19,1.77,58.19,47.4,1.07,2,90,1.38,58.43,90,0,57.65,4.35,4.36,4.38,4.28,H
32.24,58.91,96.75,32,57,96,42,77,127,8.31,24.47,27.18,66.16,18.18,65,88,217.03,66.63,38.94,12.12,5.45,11.32,218.08,66.93,38.43,215.06,66.67,49.8,5.91,4.85,5.9,6.41,H
2.49,126.79,238.25,1,125,253,0,125,255,3.82,35.45,40.2,146.19,25.42,149,147,208.26,98.8,94.75,12.31,2.36,11.68,210.59,99.61,99.22,209.88,100,100,6.5,2.85,7.04,4.19,I
124.39,132.82,136.82,126,5,11,132,136,140,18.38,16.66,16.89,132.78,12.56,6,137,193.72,10.38,54.74,35.58,11.1,5.95,202.5,6.4,54.51,170,4.35,58.43,5.62,5.94,5.76,5.69,H
16.25,42.02,65.94,17,38,68,17,44,68,6.97,29.19,20.56,43.72,11.37,45,47,212.55,74.31,27.88,20.45,14.13,11.5,215.22,75.9,27.45,220,75,26.67,5.52,4.81,5.49,6.31,N
14.34,67.38,45.1,6,56,36,0,43,19,19.26,43.75,33.38,52.92,34.94,44,26,155.01,82.58,26.43,11.68,18.53,17.15,156.52,87.1,21.96,150,100,16.86,6.94,4.75,7.21,6.82,N
12.33,51.24,35.21,7,33,20,0,14,7,15.48,46.91,35.46,40.66,36.41,26,11,147.47,72.28,20.1,19.18,22.1,18.39,152.73,73.33,12.94,130,100,5.49,6.61,4.95,6.9,6.47,N
99.71,122.33,134.98,99,121,8,110,129,136,16.19,17.76,15.79,123.32,10.43,123,131,205.24,27.49,54.22,12.16,9.37,5.64,207,27.94,53.73,207,29.41,53.33,5.31,5.58,5.47,5.08,H
33.89,62.02,49.99,34,59,45,36,64,47,13.58,18.82,20.71,55.22,17.68,52,57,144.27,45.37,24.43,26.33,18,7.46,143.48,40.31,23.14,123.33,33.33,25.1,5.91,5.65,6,6.05,N
17.82,71.01,144.7,22,52,107,0,45,255,14.29,35.72,80.79,85.51,38.74,64,50,216.21,77.58,58.28,14.92,21.21,31.11,218.89,81.36,45.88,220,100,100,6.13,4.85,6.03,6.56,I
65.69,73.51,80.07,62,65,71,59,55,60,20.88,32.26,30.11,73.8,27.34,67,57,240.67,19.72,32.43,40.41,13.53,12.84,240,15.28,28.24,260,8.33,23.53,6.53,6.08,6.6,6.62,H
38.3,58.31,94.56,38,54,92,50,55,80,11.55,26.36,20.58,64.96,7,63,62,223.12,58.07,38.92,17.21,17.29,9.98,225,61.73,36.86,232.5,37.5,31.37,4.69,5.16,4.64,5.96,H
52.54,74.56,59.16,53,73,60,53,73,59,18.19,31.19,20.4,65.34,19.49,66,70,140.92,26.56,29.25,19.04,14.2,12.21,143.08,24,28.63,144,25,28.63,6.31,6.19,6.49,6.35,N
75.77,82.26,88.97,82,86,99,91,98,118,24.86,34.84,34.48,82.19,26.86,90,104,221.23,20.98,37.7,73.7,14.38,14.75,232.5,18.095,40.78,240,14.29,46.27,6.53,6.44,6.59,6.76,H
152.08,167.49,177.99,23,38,50,151,165,176,24.29,20.74,21.02,168.5,18.99,40,165,206.88,15.49,70.43,9.88,8.06,6.86,207.69,14.74,70.2,210,16.67,69.02,6.22,6.44,6.3,6.08,H
52.01,91.38,186.3,52,86,65,49,79,199,11.87,23.81,42.51,114.07,17.95,113,93,223.48,70.42,74.44,14.38,12.36,14.59,225.32,73.71,76.47,225,75,78.04,6.11,5.45,5.87,7.14,I
109.01,133.19,157.99,113,130,158,117,129,138,30.08,25.33,23.73,137.59,22.52,135,135,213.61,32.06,62.68,12.57,14.82,8.24,213.33,27.98,61.96,220,25,54.12,6.46,6.81,6.56,6.3,H
94.18,91.63,94.83,98,90,96,101,95,103,20.59,28.8,25.4,91.93,20.29,93,99,289.91,15.63,40.73,55.58,13.15,11.02,316.36,13.04,40,323.08,14.29,41.57,6.32,6.02,6.35,6.54,H
35.22,75.41,60.31,33,69,57,30,57,49,19.57,35.98,26.67,64.77,26.75,61,48,161.39,52.84,29.6,11.18,15.37,14.1,161.38,50,27.06,160,50,22.35,6.71,6.2,6.91,6.71,N
7.66,62.85,148.2,4,54,28,0,31,202,9.25,40.01,59.49,81.01,38.25,78,72,219.02,92.49,58.9,12.82,12.61,22.97,220.21,97.41,61.765,225,100,79.22,7.2,4.05,7.09,7.79,I
56.8,68.44,41.78,56,64,39,66,76,53,22.73,38.76,26.55,56.81,27.53,54,32,75.54,43.97,27.8,29.59,20.38,14.57,72.63,37.5,25.88,60,100,29.8,6.72,6.48,6.92,6.6,N
51.28,86.6,66.23,50,79,63,50,67,47,21.9,35.43,26.78,74.82,26.09,71,57,142.97,39.76,33.97,21.25,16.84,13.89,148.97,36.59,30.98,150,33.33,26.27,6.64,6.42,6.84,6.68,N
49.61,108.17,120.29,51,108,123,48,110,129,17.53,24.48,24.03,104.72,19.73,106,110,191.7,60.58,48.34,8.78,9.83,9.54,192.8,58.73,48.63,191.47,50,52.16,6.31,6.11,6.39,6.46,N
14.59,130.57,227.7,3,126,122,0,255,255,23.8,67.81,44.01,146.78,47.89,21,200,206.99,94.16,91.53,19.45,9.35,11.44,210.24,98.81,98.04,125.37,100,100,7.45,4.51,7.81,5.22,I
9.43,51.22,117.29,8,35,110,0,21,40,8.24,39.88,67.5,65.01,37.11,55,26,222.36,83.88,47.47,16.61,19,26.61,222.92,94.55,45.1,240,100,15.69,6.77,4.4,6.51,7.6,I
38.14,47.9,16.1,37,41,13,35,34,8,9.45,31.39,12.7,34.96,14.7,32,27,69.32,69.32,19.72,22.37,15.89,11.77,67.2,68.42,16.47,60,100,14.12,5.74,5,6.12,5.4,N
30.03,60.74,40.21,29,60,40,23,29,31,14.74,35.08,18.13,49.28,22.67,49,28,149.82,45.96,24.01,32.61,19.72,13.61,146,46.75,23.53,180,50,11.37,6.42,5.87,6.73,6.18,N
43.6,65.45,50.62,39,58,46,16,18,19,27.6,44.29,31.82,56.44,34.28,51,18,139.05,29.12,25.78,49.36,20.85,17.3,144,24.43,22.75,0,0,7.06,6.91,6.65,7.13,6.84,N
39.68,45.57,43.27,40,44,44,34,46,45,9.62,21.74,11.06,43.03,10.08,43,45,170.14,13.4,18.46,83.68,11.96,8.44,168,11.76,17.65,168,0,18.43,5.36,5.24,5.5,5.43,N
54.97,89.66,80.99,54,85,79,59,78,71,22.46,30.7,26.84,82.02,25.29,79,74,168.47,38.87,35.19,10.44,14.96,12.05,170,38.1,33.33,170,50,29.02,6.65,6.5,6.75,6.71,N
37.61,94.08,107.09,34,93,108,0,65,83,24.96,40.37,37.15,90.51,34.48,91,100,193.98,68.91,43.6,12.42,13.67,15.07,194.46,68.22,43.53,192,100,32.55,7.1,6.5,7.23,7.21,N
56.44,96.46,166.06,55,91,48,51,45,255,23.07,45.99,70.39,111.49,44.14,112,47,220.52,62.7,67.44,23,18.49,25.98,224.83,66.27,71.37,228,64.06,100,7.34,6.51,7.27,7.55,I
42.19,99.95,99.34,39,96,97,0,89,120,27.98,37.72,37.44,92.42,32.42,90,88,182.66,64.03,42.51,16.46,16.76,15.14,185.29,61.7,40.78,180,100,47.06,7.03,6.62,7.1,7.22,N
54.87,50.95,47.02,57,47,48,61,48,48,13.32,28.27,10.7,48.01,9.59,48,49,265.65,19.83,23.67,139.45,13.01,10.84,343.64,17.74,22.75,0,20,23.53,5.2,5.56,5.33,5.19,H
11.01,57.44,148.41,8,43,22,0,24,255,11.5,39.84,69.04,77.87,39.98,70,36,220.44,91.98,59.45,13.46,6.35,26.53,223.2,92.54,60.195,225,100,100,7.02,4.79,6.67,7.57,I
68.2,72.96,57.35,59,61,40,124,136,138,42.58,45.58,47.75,66.28,42.9,54,32,88.33,34.12,30.09,64.44,21.14,18.88,60,31.58,24.905,60,10.14,54.12,7.1,7.16,7.16,7.02,N
132.21,137.35,146.56,136,138,149,145,143,148,16.98,14.45,16.34,139.37,7.4,141,145,238.48,11.81,58.85,40.2,10.82,4.65,230.77,9.62,58.43,240,7.64,58.04,4.74,5.21,4.99,4.63,H
74.92,85.74,77.63,75,84,78,79,90,80,15.52,24.08,18.02,80.89,15.26,81,83,133.32,11.85,33.86,47.58,12.31,9.4,137.14,9.62,32.94,108,0,33.73,5.97,5.83,6.1,6.1,N
162.87,159.97,167.23,164,160,171,164,160,171,16.21,10.67,17.49,162.74,6.28,164,164,271.08,7.52,66.9,34.84,9.09,3.83,261.82,6.43,67.06,261.82,6.43,67.06,3.77,3.85,4.05,4.1,H
28.38,100.81,203.88,23,98,91,22,93,223,24.49,41.75,40.42,122.74,33.12,125,130,214.95,86.92,81.21,13.18,9.84,13.27,217.16,89.035,85.88,216.78,100,87.45,6.92,5.92,7.19,6.42,I
36.44,80.1,83.8,34,78,85,0,113,109,28.26,40.17,36.15,73.53,33.51,73,65,189.44,63.7,35.04,15.27,22.26,15.76,191.61,60.81,34.51,188.57,100,44.31,7.05,6.3,7.14,7.16,N
102.91,110.46,118.47,103,108,120,99,101,114,15.38,19.12,16.38,110.82,7.36,111,112,233,15.48,48.26,28.42,12.73,6.9,231.43,13.04,47.06,240,95.87,44.71,4.83,5.3,5.07,5.16,H
20.1,105.86,235.32,20,103,121,21,105,255,4.68,23.55,37.94,134.32,10.83,9,140,215.34,91.55,94.23,14.33,2.25,7.64,218.16,91.7,97.65,218.72,91.37,100,5.41,4.08,5.64,5.16,I
38.68,40.14,26.09,28,30,20,25,26,17,32.21,34.49,24.14,34.61,27.73,27,21,67.12,40.27,16.96,34.5,18.59,14.6,60,37.04,12.16,48,50,10.2,6.1,6.25,6.26,5.93,N
45.09,79.44,63.27,40,73,59,33,63,57,26.54,34.68,27.96,69.69,28.67,65,57,151.85,44.66,31.2,20.17,18.59,13.55,154.29,43.04,28.63,150,50,24.71,6.77,6.57,6.92,6.76,N
53.51,44.86,43.55,55,44,45,58,46,46,7.46,18.97,6.78,44.42,5.02,45,47,197.33,23.19,21.96,163.44,9.49,7.07,307.5,22.22,21.57,0,20,22.75,4.31,4.58,4.43,4.54,H
5.11,26.41,35.84,3,21,33,0,21,34,6.62,30.31,21.08,23.3,10.63,22.5,22,204.15,88.45,15.81,16.15,11.5,12.9,205.71,90.62,12.94,210,100,13.33,5.27,3.64,5.35,5.7,N
31.08,52.76,42.42,29,50,42,0,47,0,19.24,31.52,24.92,45.3,22.19,45,41,152.42,45.31,20.77,27.62,22.15,12.39,160,41.25,19.61,171.43,100,18.43,6.46,6.18,6.54,6.51,N
85.85,105.83,116.84,90,103,120,105,99,136,23.99,30.17,29.21,106.32,20.68,105,99,198.39,26.77,48.14,30.92,19.5,12.05,206.47,22.45,48.63,210.91,23.08,53.33,6.33,6.43,6.56,6.66,H
45.58,72.55,128.16,46,60,103,47,54,255,20.24,42.15,71.78,83.22,39.74,69,58,224.62,57.59,52.81,26.27,24.01,27.52,227.87,60.815,44.71,229.41,17.39,100,6.99,6.3,6.9,7.51,I
4.79,91.37,201.28,2,88,222,0,46,255,6.44,37.56,58.42,113.37,33.88,117,135,213.8,96.59,80.37,13.3,5.92,20.9,216.88,99.1,87.84,220,100,100,6.99,3.61,7.03,6.72,I
16.05,120.68,217.13,15,114,95,13,97,255,10,30.64,33.61,137.4,22.34,7,133,208.7,92.78,86.53,11.9,4.15,8.83,211.32,93.33,87.84,210,100,100,6.45,5.09,6.69,6.41,I
54.67,27.33,0.86,55,24,0,55,24,0,5.57,20.49,1.44,21.06,3.24,21,20,27.9,98.52,22.35,10.81,2.39,6.65,26.67,100,21.57,27.27,100,21.57,3.65,3.67,4.22,1.83,N
15.24,93.77,64.05,8,96,63,0,9,6,18.64,44.55,37.01,74.71,37.65,76,7,155,85.04,36.78,13.25,15.99,17.46,157.43,88.99,37.65,156,100,3.53,7.18,4.88,7.38,7.12,N
114.2,124.35,137.21,126,3,20,133,137,156,26.57,28.27,29.71,126.3,22.26,7,142,226.66,19.6,56.23,22.76,12.48,10.47,229.57,16.46,58.82,228.46,14.74,61.18,6,6.01,6.11,6.18,H
8.11,22.33,24.36,7,17,23,0,16,17,7.47,29.79,13.18,18.45,9.57,17,15,203.19,72.5,11.34,17.09,18.11,11.63,204.71,71.43,9.02,208,100,7.84,5.18,4.48,5.4,5.34,N
38.89,80.68,71.77,38,77,70,36,77,53,18.94,36.54,30.59,71.28,27.56,70,67,171.2,50.67,31.82,15.85,14.62,14.38,174.44,49.28,30.2,180,50,27.84,6.79,6.2,6.95,6.93,N
3.12,102.42,221.13,1,91,237,0,79,255,4.44,44.04,42.17,126.23,32,125,138,212.89,98.52,88.12,14.01,2.25,13.16,217.87,99.51,93.73,220,100,100,6.96,3.11,7.17,5.97,I
29.99,66.11,49.7,27,61,46,0,79,27,21.01,35.38,29,56.04,28.99,52,31,149.92,56.51,25.93,15.53,20.19,13.87,154.55,53.23,23.92,150,100,30.98,6.79,6.17,6.94,6.77,N
74.81,175.36,231.28,36,73,124,0,255,255,90.09,76.93,46.84,180.88,62.26,67,255,197.06,70.57,93.12,36.12,35.17,12.72,196.86,85.71,99.61,180,100,100,7.25,6.35,7.09,4.61,I
68.28,120.03,78.37,38,96,53,22,255,34,75.74,66.55,67.41,103.02,68.44,77,255,121.77,54.44,47.16,30.51,25.89,26.27,132,58.215,37.65,60,100,100,7.3,6.88,7.36,7.25,N
29.97,26.8,25.1,27,20,21,25,19,20,7.39,21.62,8.65,25.33,8.22,21,20,294.62,22.12,12.74,123.73,12.72,8.03,350,23.08,10.59,350,24,9.8,4.22,4.21,4.34,4.35,H
20.04,146.51,222.15,11,6,100,0,164,255,22.66,51.62,35.54,156.03,37.96,19,113,201.99,91.66,89.06,15.46,8.97,7.92,206.84,95.03,90.2,210,100,100,6.97,5.67,7.33,6.03,I
46.38,62.95,52.02,45,59,51,40,66,61,21.99,34.86,24.11,55.88,24.11,54,63,144.59,22.73,24.71,30.99,15.56,13.65,150,20,23.14,154.29,25,25.88,6.56,6.43,6.73,6.58,N
50.55,101.36,99.08,49,102,101,44,94,123,16.97,28.81,26.88,93.67,22.68,96,103,180.91,51.09,41.35,15.23,11.32,11.26,180,51.09,41.57,180,50,48.24,6.49,6.02,6.59,6.7,N
21.9,72.68,44.25,19,66,40,0,83,51,18.26,39.68,27.67,56.55,29.1,52,39,142.89,69.72,28.52,19.18,21.65,15.54,147.5,70.09,25.88,150,100,32.55,6.78,5.71,7.02,6.66,N
231.81,235.56,215.2,237,235,220,233,235,221,30.48,6.91,26.94,230.56,5.41,231,233,62.83,9.45,93.3,23.85,11.65,3.19,55.38,7.08,92.94,60,5.15,91.37,4.16,5.21,4.57,3.99,H
9.09,143.93,227.59,6,18,118,0,96,255,10.51,58.64,46.85,154.09,44.25,32,157,203.98,96.09,90.47,15.74,4.49,15.76,204.93,97.25,96.47,216.42,100,100,7.25,4.56,7.71,5.57,I
54.05,78.93,86.79,54,77,88,51,77,88,9.88,19.75,10.61,77.54,6.79,78,79,198.73,38.78,35.36,12.03,10.71,6.96,200.77,35.96,34.9,200.77,33.33,34.51,4.73,5.04,5.05,4.69,H
61.19,77.76,75.46,61,73,74,61,71,65,16.87,29.35,25.33,74.44,21.82,73,50,158.46,25.05,32.25,75.07,15.84,11.36,185.22,22.43,30.2,180,14.08,27.84,6.34,5.97,6.38,6.51,N
97.14,184.2,234.76,98,58,111,87,176,255,44.13,38.6,24.38,189.95,30.38,63,190,200.27,59.33,92.73,11.38,17.59,6.62,202.03,58.05,94.12,210,100,100,6.91,7.42,7.23,5.56,I
41.93,93.41,58.73,39,90,56,29,77,40,20.87,39.11,29.35,75.66,30.89,73,55,137.68,55.64,36.63,12.96,11.13,15.34,140.49,54.32,35.29,144,50,30.2,6.93,6.31,7.18,6.85,N
16.24,47.7,36.11,14,40,32,0,65,22,13.89,35.04,22.21,38.29,22.87,34,24,163.64,64.81,18.79,21.26,22.98,13.67,164.11,62.5,15.69,160,100,25.49,6.38,5.33,6.64,6.33,N
115.34,125.88,145.07,117,124,151,117,123,155,11.76,13.8,21.49,130.33,7.8,131,136,213.29,21.11,58.16,42.81,11.59,7.34,225,24.2,59.61,225,25.32,60.78,4.95,3.88,4.37,5.92,H
3.51,57.27,175.48,3,51,51,0,43,255,3.57,27.48,55.54,84.88,22.13,83,61,220.16,98,70.39,14.11,1.84,20.22,223.24,98.25,71.565,218.57,100,100,6.21,3.38,5.62,7.25,I
34.8,67.05,60.4,34,64,61,0,76,77,20.37,34.24,25.16,59.43,23.66,59,50,175.17,49.92,26.42,10.65,18.61,13.44,176.92,45.35,25.1,180,100,30.2,6.57,6.26,6.72,6.66,N
56.65,91.07,160.54,49,83,165,49,72,158,30.34,34.52,50.88,107.39,25.71,107,106,216.79,62.86,65.14,21.22,22.02,18.43,224.92,69.36,65.88,225,66.67,61.96,6.71,6.66,6.64,7.54,I
50.62,103.41,96.18,47,101,95,0,102,101,30.02,41.48,37.97,94.47,36.9,92,85,175.95,53.96,41.04,14.06,17.43,15.95,174.38,51.54,40,180,100,36.08,7.23,6.8,7.35,7.27,N
33.41,34.4,28.94,30,30,27,24,13,10,15.56,28.4,17.67,31.21,16.88,29,13,95.23,28.52,15.29,100.29,19.77,10.86,48,22.58,12.94,0,50,9.41,5.89,5.78,6.02,5.96,N
127.42,148.28,152.53,1,17,27,123,142,152,19.45,16.73,21.7,147.5,7.75,19,142,201.46,18.72,62.14,15.91,11.99,5.67,205.71,17.11,61.18,205.71,18.42,59.61,4.92,5.3,5.1,4.85,H
15.21,62.3,172.47,15,63,57,0,67,217,9.59,37.25,44.85,88.34,30.65,93,120,222.87,91.87,69,14.58,4.5,15.97,223.73,91.43,73.33,222.81,100,85.1,6.83,5.1,6.9,7.15,I
43.13,81.81,75.3,39,76,71,0,67,66,27.61,44.45,38.87,74.67,38.62,70,66,176.43,49.06,32.72,24.16,18.04,17.14,171.86,46.58,30.59,170,100,26.27,7.23,6.65,7.39,7.25,N
18.3,85.18,193.22,11,81,84,0,44,255,19.36,38.25,60.88,109.21,37.59,113,62,216.56,92.37,77.22,12.68,7.46,22.21,218.57,94.92,85.88,220,100,100,6.72,5.32,6.6,6.46,I
5.48,119.61,232.12,4,122,113,0,116,255,6.44,25.36,25.38,139.97,21.29,16,150,209.98,97.69,91.29,6.31,2.72,8.87,210.48,98.41,94.51,211.42,100,100,6.35,3.76,6.61,5.87,I
33.18,149.94,223.85,28,26,105,0,164,255,25.89,40.67,35.87,158.71,32.03,35,171,203.02,85.75,89.02,12.68,10.57,10.39,203.33,87.585,91.76,210,100,100,6.92,6.4,7.29,6.24,I
142.58,147.85,144.09,18,20,20,132,149,148,23.21,18.21,21.11,145.66,12.58,19,143,155.36,6.6,59.42,113.37,12.88,6.87,200,3.5,59.22,0,0,58.43,5.64,6.01,5.74,5.59,H
92.55,93.73,94.53,87,88,92,88,83,86,26.87,27.5,23.44,93.06,23.45,88,86,165.51,8.21,38.93,118.85,10.18,10.73,228,6.17,36.86,0,0,39.22,6.32,6.42,6.36,6.36,H
33.51,47.39,75.98,34,44,77,33,44,77,6.54,23.84,10.86,52.77,5.33,53,52,223.63,56.85,31.25,15.73,7.25,7.82,226.36,56.1,30.2,225,50,30.2,4.46,4.56,4.58,4.93,H
86.49,73.81,40.11,78,59,25,78,52,14,34.13,45.66,43.65,64.46,42.08,51,44,44.18,61.76,35.54,20.37,21.62,15.4,38.08,67.03,30.59,33.33,66.67,30.59,6.44,6.24,6.63,6.39,N
83.76,97.99,59.11,86,92,58,87,88,58,12.77,23.29,12.66,83.17,10.56,81,80,75.76,38.93,38.86,19.8,9.72,8.89,72.73,37.08,36.47,52.73,33.33,35.29,5.33,4.96,5.67,5.39,N
120.23,190.7,222,77,227,244,253,255,255,97.52,67.25,43.4,194.3,59.62,218,255,187.9,50.97,88.81,41.15,36.78,13.99,192,67.45,97.25,180,0.78,100,6.37,7.05,5.89,5.51,I
70.61,84.75,61.01,71,81,61,68,100,88,22.5,35.84,25.62,73.14,25.78,73,77,84.42,29.05,33.79,32.18,16.64,13.58,86.09,25,32.16,60,32,39.22,6.69,6.44,6.86,6.64,N
32.34,44.31,36.25,23,33,29,19,26,23,21.81,31.84,20.57,38.45,20.43,31,24,150,27,17.39,24.09,15.92,12.48,154.29,25,12.94,170,25,10.2,6.02,6.03,6.19,6.05,N
39.08,55.8,43.03,38,52,42,40,43,64,15.09,27.53,20.59,48.33,17.57,47,35,129.61,32.53,21.91,32.1,16.71,10.81,132.63,29.87,20.39,120,33.33,16.86,6.14,5.93,6.23,6.35,N
50.65,92.14,85.15,43,78,70,32,64,48,30,45.19,46.6,84.74,41.82,72,52,168.16,47,36.57,17.24,13.83,18.12,170,45.54,30.59,180,50,25.49,7.11,6.74,7.21,7.27,N
14.09,48.8,25.77,4,32,10,0,0,0,27.89,49.4,35.12,36.22,40.1,21,0,130.22,81.61,19.19,36.26,23.06,19.32,132.63,91.18,12.55,120,100,0.78,6.59,4.63,7.02,5.69,N
75.77,82.26,88.97,82,86,99,91,98,118,24.86,34.84,34.48,82.19,26.86,90,104,221.23,20.98,37.7,73.7,14.38,14.75,232.5,18.095,40.78,240,14.29,46.27,6.53,6.44,6.59,6.76,H
110.86,178,236.52,106,185,251,97,229,255,37.53,45,38.52,189.59,34.21,195,229,207.6,54.41,94.97,19.31,14.24,7.51,205.24,55.24,98.43,197.14,55.69,100,6.92,7.14,7.27,4.61,I
49.52,113.24,202.14,45,110,221,76,113,255,27.66,33.28,52.86,132.02,29.04,130,116,215.25,72.32,80.57,13.94,21.53,18.76,218.04,80.67,87.45,220,100,100,6.83,6.66,6.92,6.67,I
119.75,152.85,174.2,121,151,176,122,144,175,13.27,12.95,18.86,155.5,6.64,155,152,205.9,32.11,69.53,12.34,7.93,3.68,207.62,30.41,69.02,212.31,29.89,68.63,4.69,4.54,5,4.62,H
28.29,130.56,225.19,27,126,102,23,115,255,10.59,29.5,30.91,147.36,20.32,18,135,208.67,87.77,89.74,12.23,4.07,6.41,211.15,87.92,90.2,210,87.5,100,6.35,5.3,6.73,5.99,I
116.33,118.61,116.41,125,123,131,138,132,133,29.58,29.15,31.48,117.41,24.98,126,133,235.27,11.25,49.28,106.08,14.26,11.72,260,6.8,52.16,350,4.35,53.33,5.87,6.22,5.99,5.54,H
17.81,39.63,31.1,16,36,29,0,13,14,12.19,30.07,17.74,33.1,18.06,32,10,163.22,55.2,15.54,9.39,17.89,11.79,163.78,51.85,14.12,160,50,5.1,6.1,5.47,6.31,6.06,N
44.55,84.92,76.76,44,83,77,46,91,80,23.88,35.62,30.28,76.36,28.68,76,63,173.17,49.68,33.51,11.54,17,13.92,173.51,46.08,32.55,180,100,35.69,6.86,6.52,6.96,6.92,N
41.9,72.54,67.92,39,74,70,0,94,86,28.33,43.42,38.64,66.46,38.01,68,80,179.64,46.77,29.35,34.63,20.08,16.74,173.33,43.66,29.8,180,100,36.86,7.18,6.66,7.29,7.2,N
48.49,75.35,66.15,44,72,61,35,69,61,25.22,35.1,33.5,67.93,27.7,66,75,163.88,37.12,30.76,24.28,15.86,14.95,156,35.42,28.63,150,33.33,29.02,6.75,6.56,6.81,6.92,N
151.79,157.48,162.32,156,157,167,160,157,167,20.05,13.43,21.33,158.63,5,160,160,233.76,8.84,65.67,22.91,12.2,4.69,234.55,6.59,65.49,234.55,6.59,65.49,3.76,4.03,4.14,4.05,H
9.62,88.36,194.8,4,90,229,0,46,255,11.62,33.06,66.38,110.78,34.23,121,142,215.27,91.63,77.58,12.35,12.56,24.71,217.02,98.43,90.59,212.27,100,100,6.63,4.27,6.65,6.51,I
31.78,86.21,56.68,26,80,51,0,107,72,26.79,43.83,35.19,69.28,35.93,63,50,146.03,65.72,33.81,11.6,19.92,17.19,148.52,64.62,31.37,150.42,100,41.96,7.08,6.3,7.26,7,N
54.5,119.83,73.31,28,107,54,0,255,19,70.97,67,61.93,99.05,65.66,81,52,126.15,63.86,47.13,28.5,26.23,26.49,136.71,70,41.96,130,100,100,7.52,6.56,7.64,7.35,N
29.59,157.48,249.19,30,28,126,31,153,255,7.62,17.87,28.28,170.82,8.95,42,170,204.7,88.29,98.98,10.52,2.97,2.9,206.37,88.19,99.61,206.13,87.45,100,5.16,4.88,5.88,2.65,I
102.33,199.39,230.85,70,214,243,255,255,255,82.02,53.02,34.7,200.03,45.73,207,255,188.52,58.48,92.08,33.2,31.59,9.53,190.68,70.59,96.08,180,0.78,100,6.96,7.64,6.64,5.49,I
47.64,64.99,51.46,48,63,52,46,62,47,18.65,32.17,20.37,57.06,20.36,58,58,134.41,23.05,25.5,23.5,14.02,12.59,137.14,20.78,24.71,136.36,25,24.31,6.36,6.23,6.55,6.36,N
10.5,50.97,24.76,4,42,18,0,22,0,16.54,39.08,25.71,36.5,27.99,30,11,136.05,84.29,20,20.04,17.46,15.31,138.46,89.66,16.47,120,100,8.63,6.55,4.53,6.9,5.94,N
46.82,73.39,88.06,48,72,88,60,78,93,13.7,26.06,23.22,72.86,14.55,74,79,205.9,48,36.29,18.57,11.49,10.96,207,47.45,35.29,210,50,36.47,5.86,5.75,5.99,6.3,N
54.6,148.96,204.02,23,126,205,0,255,255,67.26,63.72,43.09,155.18,54.15,138,102,199.24,76.94,81.59,20.21,25.82,14.32,208,88.59,81.57,180,100,100,6.97,6.89,6.8,6.38,I
138.66,143.04,146.08,10,20,23,136,148,156,24.08,26.28,24.31,143.38,24.05,20,150,156.49,11.69,59.03,78.23,12.43,8.83,195,10.96,60,198,14.29,61.18,5.35,5.75,5.33,5.52,H
157.15,151.91,150.61,160,150,151,165,153,149,27.86,17.48,22.51,152.11,10.29,152,154,178.26,13.45,65.76,144.69,13.2,6.69,234.67,10.53,65.49,0,10.06,59.61,5.39,6.29,5.64,5.41,H
77.38,87.35,82.61,77,85,82,76,87,78,16.71,24.89,19.97,83.54,16.67,83,86,155.52,10.98,34.89,61.42,12.81,9.9,163.64,8.33,33.73,180,0,34.12,6.09,5.95,6.19,6.23,N
56.34,76.2,90.87,56,71,91,56,71,92,20.05,29.78,20.51,77.15,18.82,76,75,211.64,41.01,37.53,15.83,13.22,10.35,213.75,39.08,36.08,214.55,50,36.08,6.19,6.3,6.34,6.14,H
84.74,94.03,102.19,87,95,107,90,95,114,17.92,24.72,23.19,94.82,18.99,98,101,220.18,18.17,41.34,21.02,10.09,10.04,218.82,16.96,42.35,211.58,20,44.71,6.18,6.03,6.26,6.35,H
63.66,107.24,145.96,57,103,15,54,93,141,24.11,27.32,25.04,113.45,24.01,109,101,208.84,57.84,57.88,8.41,9.61,9.23,208.77,58.57,56.08,208,66.67,55.29,6.46,6.29,6.58,6.44,H
15.48,33.63,27.08,13,27,23,0,18,15,13.12,27.98,17.03,27.93,17.06,24,16,165.53,56.34,13.19,10.79,21.13,10.97,166.36,51.72,10.59,172.5,100,5.88,5.94,5.37,6.11,5.93,N
81.34,92.04,98.44,85,96,103,100,110,110,38.86,41.84,35.93,90.93,35.72,96,117,219.04,24.84,41.01,60.25,18.36,15.31,218.82,22.22,41.96,216,0,43.14,7.07,7.18,7.17,7.06,H
92.1,91.54,83.67,92,88,86,88,88,88,15.15,23.99,20.9,88.26,15.73,87,88,74.27,12.73,37.97,99.03,16.62,8.4,26.9,4.46,36.86,0,0,34.51,5.7,5.43,5.81,6.07,H
63.61,163.54,235.6,64,38,113,73,175,255,31.68,37.41,29.97,174.4,26.68,47,183,203.8,73.61,93.84,13.35,12.69,5.45,205.85,72.43,94.9,214.17,100,100,6.76,6.96,7.2,5.43,I
56.33,81.08,83.3,57,80,86,64,84,91,17.42,26.51,19.19,76.84,16.4,78,88,194.06,34.46,34.5,18.03,13.65,9.89,194.4,32.86,34.12,180,33.33,35.69,6.01,5.99,6.16,6.08,N
99.3,110.41,123.69,100,107,126,101,105,117,23.93,28.9,27.66,111.93,21.87,111,111,224.15,22.25,50.74,21.12,11.78,10.69,225.6,20.33,49.8,224.44,20,46.27,6.34,6.33,6.44,6.46,H
40.12,77.55,67.96,40,76,69,51,94,82,23.16,35.47,28.79,68.8,28.05,69,57,169.06,50.89,30.42,8.8,18.22,13.9,169.79,46.08,29.8,170,100,36.86,6.82,6.42,6.93,6.83,N
82.78,141.9,226.88,83,17,119,90,171,255,16.54,36.15,43.25,159.71,30.05,39,186,215.93,63.99,90.72,16.01,6.05,12.42,217.82,64.43,97.25,210.55,64.71,100,6.74,5.65,7,5.61,I
44.63,77.49,61.17,40,70,55,18,106,89,28.84,46.45,39.87,67.79,39.11,62,46,140.55,43.11,30.44,35.77,19.83,18.19,154.29,42.36,27.84,80,50,41.57,7.17,6.68,7.33,7.15,N
84.76,115.91,113.77,87,114,114,98,107,105,28.7,31.11,29.91,111.18,27.03,111,115,185.47,29.51,46.63,57.68,16.1,12,181.33,30.09,45.88,180,0,45.49,6.8,6.85,6.89,6.88,N
30.87,67.72,145.39,30,59,21,29,43,163,11.49,34.82,47.02,85.73,24.9,84,53,221.69,78.16,59.21,16.98,8.73,17.5,225,79.05,59.61,225,75,63.92,6.53,5.5,6.32,7.39,I
107.93,113.31,106.1,111,114,109,125,126,125,34.47,31.28,21.1,110.31,24.74,113,125,122.22,14.03,46.31,75.78,14.19,11.94,140,10.31,45.1,168,0,36.08,6.55,7.03,6.77,6.14,H
117.17,148.74,174.06,6,33,55,147,182,202,39.04,38.86,37.39,153.1,32.69,35,184,206.63,34.51,70.09,15.58,17.46,12.6,206.25,26.12,72.55,205.53,25,79.22,6.67,6.82,6.86,6.74,H
162.61,160.94,171.85,162,161,172,160,162,173,3.28,2.3,2.12,164.58,2.19,164,166,248.97,6.58,67.39,12.99,0.71,0.83,246,6.43,67.45,261.82,6.36,67.84,2.29,2.89,3.08,2.32,H
151.53,186.69,189.61,25,64,67,184,205,194,37.18,24.21,28.52,184.17,20.24,60,201,173.04,23.84,77.51,39.42,16.36,6.02,188.11,22.11,78.04,92.73,5.37,76.47,6.17,6.89,6.36,5.66,H
107.72,196.21,239.07,112,75,117,106,198,255,28.12,34.93,28.31,199.73,26.39,76,212,198.57,55.81,94.86,13.07,10.78,5.97,197.11,53.57,96.47,192,56.02,100,6.53,6.6,6.95,5.19,I
10.07,80.72,31.69,4,74,27,0,66,0,13.43,41.41,24.85,55.41,28.51,51,55,137.14,88.87,31.66,8.92,13.06,16.24,138.46,93.9,29.02,120,100,25.88,6.78,4.3,7.15,6.34,N
53.2,97.39,107.77,55,100,112,62,105,120,16.92,23.78,25.74,95.09,20.72,99,103,189.24,51.82,43.16,24.97,13.68,9.88,193.33,51.18,44.31,192,50,47.06,6.3,6.07,6.37,6.52,N
181.11,219.36,236.03,190,229,253,191,224,255,49.73,51.32,60.52,220.98,51.78,232,232,200.09,28.1,94.1,22.57,19.34,21.18,202.86,24.8,99.22,203.23,100,100,5.16,6.04,5.43,3.36,H
34.68,95.33,205.68,30,91,104,23,82,255,18.4,34.44,56.58,120.87,29.74,122,101,218.55,80.58,81.96,13.95,15.43,20.23,221.4,86.27,91.76,217.71,55.56,100,6.91,6.04,6.94,6.41,I
5.81,16.71,22.02,5,11,19,0,7,16,6.43,29.53,19.9,14.15,11.3,12,10,212.43,76.09,10.19,18.24,16.54,12.7,213.33,76,7.45,223.64,100,6.27,4.67,4.02,4.89,4.98,N
33.97,63.04,37.9,33,59,37,33,60,36,17.25,32.47,17.94,50.59,20.49,49,48,131.93,47.9,24.75,20.92,17.01,12.72,130.59,45.16,23.14,120,50,23.53,6.37,6.1,6.68,6.17,N
174.28,160.61,113.45,180,162,112,188,174,110,31.14,27.22,25.43,148.17,24.01,149,154,44.27,36.27,69.83,10.92,8.9,10.3,42.74,36.21,70.98,45,33.33,73.73,6.61,6.69,6.71,6.54,H
65.57,88.86,67.1,66,85,63,68,121,173,20.06,32.07,31.19,76.26,23.37,75,72,108.14,31.52,35.8,35.92,14.73,13.8,108.75,28.21,33.73,80,60.69,67.84,6.52,6.21,6.66,6.55,N
37.02,39.36,51.87,36,33,43,32,26,41,8.99,28.4,28.04,40.66,14.39,36,28,254.49,31.19,22.23,39.1,15.94,14.17,256,26.83,17.65,261.82,18.18,13.33,5.36,4.9,5.07,6.13,H
26.09,91.58,56.51,21,84,50,0,93,57,24.56,44.57,35.4,71.91,36.22,66,51,145.01,72.73,35.93,15.53,19.63,17.45,148.24,73.21,32.94,150,100,36.47,7.09,5.97,7.31,7,N
23,52.01,39.95,21,50,40,0,65,46,17.11,29.13,21.04,43.45,19.36,43,47,156.18,58.7,20.43,18.04,22.09,11.44,159.38,57.58,19.61,160,100,25.49,6.3,5.85,6.42,6.37,N
87.44,111.42,110.03,91,109,109,98,98,106,25.99,28.84,27.46,107.65,24.3,107,104,191.86,24.45,45.11,74.17,16.37,11.13,184.09,25.64,43.92,180,0,42.35,6.64,6.67,6.74,6.74,N
27.08,76.28,48.17,22,67,41,0,92,57,24.07,43.27,33.05,60.67,34.05,54,43,143.69,65.95,29.95,18.43,21.67,16.97,146.94,65.79,26.27,150,100,36.08,6.96,6.09,7.17,6.84,N
64.54,83.76,58.42,65,81,58,66,89,67,24.22,36.11,26.32,71.4,27.85,70,65,95.71,31.65,33.19,31.39,16.36,13.94,102.86,28.12,32.16,122.61,25.84,34.9,6.81,6.53,6.92,6.66,N
25.45,47.78,39.03,24,45,39,0,61,0,16.98,30.38,22.49,40.96,20.56,40,46,159.22,49.51,18.81,18.5,21.65,11.96,163.64,45.33,17.65,171.43,100,23.92,6.36,5.93,6.47,6.43,N
49.32,65.37,48.96,45,56,39,64,113,29,29.9,43.05,37.3,56.56,35.29,49,40,108.05,37.02,25.97,50.75,20.05,16.91,96,33.33,21.96,60,100,45.1,6.96,6.77,7.11,6.9,N
77.38,68.06,30.46,77,62,26,91,86,37,14.56,31.06,18.43,56.34,19.02,53,42,46.1,64.33,32.81,20.25,16.86,9.62,40,66.67,30.98,30,59.34,35.69,6.15,5.61,6.44,6.02,N
24.99,49.91,39.94,22,48,40,0,54,0,18.14,30.91,23.09,42.25,21.44,43,47,154.91,53.99,19.62,25.01,22.58,12.16,163.64,51.47,18.82,160,100,18.43,6.4,5.97,6.53,6.4,N
14.89,42.77,46.96,11,35,43,0,44,64,14.34,38.36,30.92,37.79,25.45,33,0,191.49,69.92,20.83,36.98,22.4,15.9,196.67,71.23,18.04,180,100,25.1,6.5,5.24,6.61,6.79,N
3.02,36.86,105.3,3,32,107,0,31,120,2.51,27.4,27.37,51.32,9.79,51,40,220.03,97.08,42.95,15.14,2.38,11.32,223.09,97.35,42.35,225,100,47.06,5.24,3.13,4.43,6.6,I
88.56,84.49,84.78,90,85,85,113,101,65,21.87,26.93,23.13,84.15,19.71,87,105,201.5,16.25,37.78,130.88,11.45,10.43,240,13.91,38.43,240,14.29,44.31,6.14,6.22,6.21,6.33,H
121.37,134.87,162.13,126,137,166,141,147,170,29.25,25.8,24.07,141.19,21.94,144,156,224.01,26.82,64.68,13.98,12.3,7.7,224.52,23.84,65.49,225,25,66.67,6.4,6.64,6.5,6.18,H
42.76,126.55,217.99,30,119,95,25,118,225,35.2,46.69,27.58,144.65,34.69,13,98,210.3,81.36,86.56,13.08,14.15,6.7,212.28,86.64,87.45,222.81,83.49,88.24,7.02,6.56,7.37,6.1,I
67.25,84.83,132.13,67,80,124,58,74,71,20.31,33.68,59.59,95.23,32.82,92,84,233.21,45.82,53.96,38.39,20.19,22.56,231.27,44.09,49.8,240,50,27.84,7.03,6.29,6.78,7.76,I
72.1,136.32,147.25,75,138,151,80,137,154,19.97,22.85,25.23,131.94,19.77,134,141,190.1,52.59,59,8.73,9.34,8.85,191.47,50.69,59.61,192.86,50,60.39,6.27,6.25,6.33,6.39,N
10,43.36,37.94,7,36,34,0,52,45,10.82,35.05,24.56,35.75,22.98,32,18,178.31,77.63,17.43,26.06,21.35,13.65,176.67,80.43,14.51,180,100,20.39,6.39,4.53,6.61,6.48,N
26.87,71.81,152.83,29,71,158,35,84,158,9.42,31.42,31.35,89.77,15.08,94,101,218.74,82.06,61.83,16.7,7.33,10.42,220.43,80.86,61.96,216.1,77.85,61.96,5.73,5.13,6.14,6.51,I
64.52,89.05,95.37,56,85,95,0,111,0,49.66,52.25,52.91,87.14,49.92,84,105,173.03,43.5,40,67.97,24.83,20.93,195.88,43.59,38.43,180,100,100,7.4,7.1,7.41,7.58,N
10.92,81.67,34.76,5,73,27,0,90,0,14.36,49.1,31.32,56.98,36.48,50,26,136.56,88.22,32.03,11.87,13.99,19.25,138.1,93.48,28.63,120,100,35.29,7.05,4.34,7.44,6.45,N
20.01,67.71,56.71,18,58,49,0,42,28,15.68,37.14,32.72,57.66,29.28,50,35,163.35,68.22,26.74,23.18,21.83,14.58,168,68.15,22.75,180,100,15.69,6.7,5.54,6.88,6.86,N
37.21,150.87,248.84,35,22,126,31,138,255,11.52,21.79,26.01,167.73,12,40,174,207.54,85.19,98.63,10.68,4.68,3.06,209.28,86.06,99.61,210,87.45,100,5.6,5.37,6.29,3.12,I
4.74,72.48,218.5,4,65,98,0,54,255,4.95,35.58,38.81,107.43,23.88,105,93,220.79,97.9,87.17,14.28,2.15,11.09,223.98,98.39,89.02,225.35,100,100,6.59,3.68,6.8,6.44,I
135.47,152.62,143.27,10,26,20,125,160,127,24.66,20.15,25.6,148.12,12.8,24,159,156.84,10.69,60.14,38.31,15.09,8.01,170,7.665,60.78,180,3.85,62.75,5.37,5.76,5.5,5.69,H
108.95,121.97,129.06,113,124,134,117,136,145,21.26,24.59,24.7,122.22,20.34,125,137,210.67,17.01,51.97,17.26,9.84,9.4,210,15.38,52.94,207.27,14.29,56.86,6.3,6.21,6.38,6.38,H
187.32,168.93,112.91,195,174,115,203,185,120,28.87,22.78,21.04,154.22,19.47,158,169,43.6,40.78,74.9,10.65,8.18,8.23,42.53,40,76.86,45,40,79.61,6.2,6.16,6.28,6.19,H
2.46,129.88,236.03,1,134,253,0,134,255,3.78,35.76,42.16,147.2,27.71,154,155,207.28,98.88,93.97,12.35,1.92,12.49,208.55,99.61,99.22,209.88,100,100,6.43,2.84,6.98,4.29,I
31.7,138,96,28,142,99,0,117,91,25.92,47.64,41.74,112.24,41.78,116,142,155.45,78.68,54.12,9.29,14.94,18.68,157.1,78.72,55.69,154.29,100,45.88,7.36,6.18,7.55,7.35,N
67.01,67.94,79.44,65,61,67,51,46,44,19.98,33.62,47.9,69.25,29.11,63,52,256,27.04,35.05,100.5,19.09,18.68,280,19.72,29.02,343.64,16.67,20,6.72,6.25,6.61,7.21,H
113.9,131.25,167.49,115,130,173,114,130,176,12.89,14.5,22.67,140.01,7.26,141,141,222.57,32.6,67.01,14.29,9.07,6.32,224.76,34.05,68.24,224.76,35.59,69.02,4.67,4.03,4.42,5.52,H
137.35,140.27,158.56,139,140,161,143,143,163,19.54,17.95,20.13,145.38,13.54,146,148,239.05,15.24,63.34,18,9.17,6.12,240,13.67,63.53,240,13.33,63.92,5.73,5.91,5.86,5.72,H
69.57,132.98,146.58,72,135,151,79,137,159,17.3,21.54,24,129.59,17.97,132,139,191.85,53.79,58.66,8.68,7.91,8.37,193.17,52.41,59.61,193.5,50,62.35,6.12,6.04,6.2,6.27,N
99.49,86.62,83.35,94,84,73,87,84,72,34.21,24.46,37.69,86.31,20.39,84,83,93.41,34.95,45.09,109.63,15.98,15.91,30.35,30.97,40.78,30,25,35.69,6.25,6.85,6.29,5.94,H
37.57,65.2,52.3,37,61,46,38,64,47,21.98,25.09,26.96,58.22,24.55,54,57,142.32,43.72,25.66,26.21,17.66,9.9,140.87,37.93,24.31,123.33,33.33,25.1,6.01,5.82,6.11,6.1,N
95.32,102.05,82.46,98,102,84,100,96,82,26.62,33.69,39.12,94.39,31.3,95,93,95.23,30.29,42.05,59.93,22.71,12.28,71.11,23.38,41.57,60,100,44.31,6.92,6.52,6.86,7.22,N
31.45,49.99,28.02,33,46,28,35,40,30,14.15,32.67,16.23,38.76,18.79,38,37,95.43,49.28,20.22,46.23,19.26,12.53,106.67,45.33,18.43,80,100,18.43,6.24,5.8,6.58,5.88,N
23.34,64.74,83.38,20,56,79,0,40,63,16.64,38.73,37.03,63.32,31.09,57,44,202.11,74.56,34.08,13.95,11.33,15.56,203.84,73.42,31.76,210,100,23.92,6.87,5.85,6.98,7.13,N
3.64,148.88,242.21,1,149,253,0,152,255,6.6,40.01,33.81,160.41,27.21,163,167,203.33,98.54,96.42,13.18,2.63,7.23,204.71,99.6,99.22,203.06,100,100,6.74,3.16,7.32,4.12,I
8.66,78.67,186.19,4,76,210,0,76,255,10.48,34.55,65.14,101.16,32.8,107,113,216.66,91.66,74.65,15.19,13.8,23.75,219.16,98.22,82.75,220,100,100,6.84,4.3,6.63,7.29,I
82.72,102.97,62.57,84,99,63,87,94,61,12.65,24.54,15.57,87.12,14.15,86,83,85.23,38.8,40.63,22.01,10.17,9.41,86.34,36.47,38.82,71.61,33.33,36.86,5.84,5.12,6.16,5.84,N
13.17,45.33,55.78,13,42,54,11,33,42,7.33,25.5,22.96,43.37,17.43,42,32,196.95,76.42,22.91,11.48,10.69,11.02,198,76.6,21.57,192,100,16.47,6.12,4.82,6.18,6.52,N
145.7,165.91,177.23,16,34,50,123,139,217,33.83,30.35,31.86,167.24,27.39,37,143,207.62,20.06,71.33,15.45,11.26,10.07,210,19.05,70.59,210,16.67,85.1,6.6,6.78,6.71,6.51,H
10.28,37.79,146.07,9,29,12,0,13,119,7.33,34.42,36.83,66.13,24.94,60,42,228.91,93.52,58.51,14.39,3.95,13.72,231.24,93.37,55.29,227.92,100,46.67,6.48,4.71,6.48,7,I
4.4,42.4,140.56,4,37,11,0,34,141,3.86,24.86,28.79,66.44,14.66,64,60,223.46,96.96,56.13,11.43,2.37,10.72,225.11,97.2,54.51,225,100,55.29,5.71,3.61,5.36,6.64,I
46.44,61.55,62.59,46,59,63,61,58,62,13.76,25.41,14.87,58.46,11.75,59,57,190.42,28.61,26.42,50.08,16.28,9.9,198,30.3,25.1,200,33.33,24.31,5.58,5.76,5.72,5.81,N
2.52,65.86,192.24,2,62,73,0,61,253,2.24,25.76,47.73,95.32,17.3,97,95,219.03,98.48,76.99,13.68,1.7,16.31,221.58,98.96,79.22,222.07,100,99.22,5.98,2.94,5.34,7.13,I
167.33,186.41,191.33,44,60,65,174,189,196,18.86,8.61,15.52,185.82,6.78,60,190,195.38,13.31,75.76,9.02,9.1,2.34,196.36,11.79,76.08,195,11.22,76.86,4.35,5.48,4.32,3.94,H
18.43,120.24,88.24,13,122,90,0,105,79,19.62,43.21,39.28,97.76,37.65,100,111,160.56,86.46,47.15,8.49,13.28,16.94,162.31,88.75,47.84,160,100,41.18,7.23,5.14,7.41,7.29,N
52.84,79.08,95.31,52,74,95,48,61,91,12.6,28.6,29.76,79.34,19.93,77,65,204.28,43.2,39.3,24.94,15.69,12.8,208.94,46.15,38.43,210,50,35.69,6.26,5.51,6.27,6.78,H
64.48,59.41,61.48,62,55,59.5,44,24,25,20.92,35.24,30.51,58.03,24.93,56,27,292.36,27.32,29.09,75.06,16.21,12.91,308.57,20.43,26.67,356.67,20,17.25,6.35,6.11,6.4,6.6,H
6.67,96.31,196.78,4,79,201,0,53,255,7.29,45.06,55.52,115.9,38.26,108,73,212.9,95.64,78.6,13.89,5.37,19.92,217.81,98.27,80.39,220,100,100,6.91,4.02,6.98,6.42,I
55.12,77.13,120.76,60,73,106,66,65,70,21.64,28.23,57.06,86.28,25.57,81,69,206.9,45.7,49.2,44.5,29.38,22,223.39,43.86,43.14,180,0,27.06,6.55,6.29,6.33,7.5,I
42.8,88.34,62.61,42,80,55,41,72,49,15.25,29.66,25.8,73.56,20.74,68,60,141.22,50.35,34.67,21.86,15.15,11.65,142.22,47.09,31.37,130,50,28.24,6.09,5.85,6.29,6.36,N
75.61,80.84,79.45,74,76,76,72,71,71,12.65,21.38,19.03,78.62,12.86,76,70,148.23,10.88,33.21,91.19,11.16,8.9,175.71,8.86,30.98,0,0,28.24,5.58,5.18,5.68,5.92,N
10.75,120.65,227.25,2,113,118,0,37,255,19.11,61.31,42.39,139.28,43.59,11,76,209.24,95.68,91.17,18.19,7.52,10.77,212.78,98.9,96.47,212.78,100,100,7.34,4.16,7.73,5.4,I
5.18,62.78,186.74,5,60,63,0,38,225,4.17,22.57,39.12,93.24,24.93,92,66,221.6,97.23,73.23,3.25,2.05,15.34,222.27,97.37,74.9,224.78,100,88.24,6.46,3.82,6.28,7.04,I
149.81,155.73,152.97,134,140,142,124,129,130,55.34,52.06,47.34,154.28,49.31,137,131,161.03,9.22,63.07,90.72,12.24,19.44,202.5,5.88,57.25,50,0,51.37,7.33,7.48,7.39,7.31,H
197.77,199.77,197.4,203,200,200,204,208,203,25.44,11.68,23.17,200.01,7.1,200,206,143.45,6.33,80.83,112.94,11.44,3.76,108,3.79,80.78,75,2.94,81.57,4.76,5.4,5.12,4.76,H
2.57,71.94,185.77,2,68,53,0,65,180,2.56,21.55,31.28,97.4,9.72,94,92,216.79,98.65,74.11,11.7,1.3,9.56,218.15,98.88,70.98,217.75,100,70.59,5,3.01,4.57,6.18,I
6.58,67.51,161.67,2,67,41,0,67,168,9.12,41.38,52.98,86.15,35.04,92,114,217.89,96.24,65.47,17.4,5.23,19.18,218.15,98.645,67.45,240,100,65.88,7.02,3.74,6.87,7.5,I
93.28,108.18,108.34,94,105,111,95,106,113,16.11,23.72,20.94,105.48,14.87,106,106,191.88,16.2,44.55,42.45,12.63,9.05,198.26,14.67,43.92,198,16.67,44.31,5.61,5.29,5.72,5.85,H
16.7,30.12,30.31,15,24,28,13,14,17,9.75,28.46,16.48,26.6,13.58,24,15,192.54,46.64,13.49,33.05,17.7,11.43,196.8,45,11.37,192,50,6.67,5.68,5.17,5.8,5.92,N
25.34,82.94,52.63,20,73,42,13,71,25,17.71,43.09,34.34,65.69,34.39,57,47,146.49,69.08,32.52,12.54,14.16,16.9,147.37,69.01,28.63,144,100,27.84,6.94,5.91,7.21,6.86,N
46.88,41.72,25.71,47,36,21,49,35,20,8.05,27.86,25.52,33.14,6.14,33,31,48.1,56.63,21.26,50.01,13.22,11.84,33.1,57.45,18.82,33.1,65.91,19.22,4.54,4.44,4.7,4.97,N
27.57,69.17,176.92,28,67,52,31,70,204,8.51,21.63,32.58,96.03,15.49,97,96,223.85,83.88,70.25,11.01,6.35,11.35,225.1,84.12,70.59,221.49,83.33,80,5.99,5.09,5.8,6.85,I
42.69,87.42,139.57,43,86,8,44,85,138,5.56,13.25,19.8,97.67,8.38,96,95,212.31,69.2,55.26,7.65,4.84,7.39,212.67,68.06,53.33,212.55,66.67,54.12,4.83,4.24,4.54,5.63,H
186.57,162.03,102.48,189,160,101,187,156,99,24.68,20.32,17.32,147.15,15.44,146,142,41.15,46.08,74.64,11.1,7.23,6.02,39.77,45.78,74.51,37.22,50,73.33,5.95,5.9,6.19,5.72,H
10.3,22.45,16.99,9,17,15,8,13,13,7.62,29.43,9.49,16.97,8.56,15,13,168.47,48.96,8.92,26.39,20.01,11.59,170,46.15,6.67,170,50,5.1,5.03,4.65,5.24,5.13,N
17.44,100.76,215.47,14,97,94,0,89,255,16.08,31.55,37.83,125.09,21.67,125,119,214.7,91.85,86.21,13.92,8.03,10.11,217.35,93.73,87.45,219.9,100,100,6.43,5.51,6.7,6.51,I
23.94,34.7,21.08,23,31,20,23,32,16,10.55,25.54,11.01,27.49,10.04,27,27,102.97,38.88,13.66,23.72,17.08,9.99,103.64,35.48,12.16,103.64,33.33,11.37,5.35,5.25,5.57,5.33,N
57.66,57.74,70.66,55,51,62,49,40,61,15.46,32.14,37.44,59.34,22.3,55,46,275.44,30.15,30.91,53.6,16.79,16.16,272.73,25,25.1,316.36,25,19.22,6.34,5.65,6.21,6.86,H
20.01,61.33,49.14,19,58,49,0,61,52,14.49,32.5,20.25,50.92,19.89,50,55,166.89,68.85,24.06,9.59,17.23,12.74,168.29,66.67,22.75,170,100,23.92,6.33,5.6,6.54,6.36,N
24.67,39.47,32.02,22,31,27,20,25,25,15.78,31.3,19.54,33.68,19.29,29,28,155.65,36.34,15.91,41.32,20.93,12.28,156,32.5,12.94,180,33.33,9.8,6.1,5.85,6.25,6.14,N
14.28,64.78,58.74,13,62,57,0,62,57,12.16,31.83,26.86,56.31,24.37,55,58,174.24,77.63,25.51,11.54,18.02,12.49,175.2,79.49,24.31,180,100,24.31,6.61,5.11,6.8,6.74,N
6.35,84.25,230.55,4,87,119,0,28,255,6.94,40.44,36.06,118.14,28.78,125,139,219.2,97.38,91.6,13.7,2.78,10.13,219.59,98.19,96.86,214.6,100,100,6.68,4.15,7.07,5.66,I
95.6,194.8,245.71,93,70,125,62,255,255,44.76,39.18,29.76,199.49,26.36,75,216,201.29,61.69,97.73,16.1,17.69,4.34,205.25,62.2,99.22,180,37.65,100,6.65,7.28,7.09,3.8,I
24.87,78.28,173.68,25,75,170,24,72,168,10.27,31.95,40.72,99.27,19.33,100,100,218.38,85.09,70.12,16.33,7.22,13.32,220.79,84.97,67.45,216,75,65.88,6.21,5.33,6.43,6.98,I
